ID,Sentence,CO1,CO2,SY1,SY2,Label
1,The application stores user preferences for future sessions.,User Preferences,,,,INC
2,Weather data will be captured and analyzed by the component.,Weather Data,,,,INC
3,Encryption methods are applied to secure sensitive information.,Encryption Methods,,,,INC
4,The software update includes improvements to system performance.,System Performance,,,,INC
5,User feedback is considered crucial for the next development phase.,User Feedback,,,,INC
6,Network traffic is monitored for unusual activity.,Network Traffic,,,,INC
7,Data visualization tools are used to represent the statistical findings.,Data Visualization Tools,,,,INC
8,Machine learning algorithms adapt based on incoming data.,Machine Learning Algorithms,,,,INC
9,The database optimizes query processing for efficiency.,Query Processing,,,,INC
10,Cloud services provide scalable storage solutions.,Cloud Services,,,,INC
11,Error handling mechanisms are crucial for system stability.,Error Handling Mechanisms,,,,INC
12,The programming interface allows for easy integration of modules.,Programming Interface,,,,INC
13,Real-time analytics are essential for immediate decision-making.,Real-Time Analytics,,,,INC
14,API endpoints facilitate data exchange between systems.,API Endpoints,,,,INC
15,Automated testing ensures the reliability of new features.,Automated Testing,,,,INC
16,The operating system supports various hardware configurations.,Operating System,,,,INC
17,Cybersecurity measures are updated to counter new threats.,Cybersecurity Measures,,,,INC
18,Big data analytics assist in uncovering meaningful patterns.,Big Data Analytics,,,,INC
19,The routing protocol efficiently directs network traffic.,Routing Protocol,,,,INC
20,Virtual reality environments are rendered with high precision.,Virtual Reality Environments,,,,INC
21,Computational resources are allocated dynamically.,Computational Resources,,,,INC
22,Software dependencies are managed to prevent conflicts.,Software Dependencies,,,,INC
23,User authentication is mandatory for system access.,User Authentication,,,,INC
24,The user manual provides detailed operating instructions.,User Manual,,,,INC
25,Wireless protocols enable efficient data transmission.,Wireless Protocols,,,,INC
26,Compression techniques reduce the size of multimedia files.,Compression Techniques,,,,INC
27,Data synchronization ensures consistency across devices.,Data Synchronization,,,,INC
28,The graphical interface is designed for intuitive navigation.,Graphical Interface,,,,INC
29,The compiler optimizes the code for performance.,Compiler,,,,INC
30,Database indexing speeds up data retrieval processes.,Database Indexing,,,,INC
31,The sensor data is continuously monitored for anomalies.,Sensor Data,,,,INC
32,Mobile applications are optimized for low power consumption.,Mobile Applications,,,,INC
33,Network security is enhanced through regular updates.,Network Security,,,,INC
34,Server load balancing distributes computational tasks.,Server Load Balancing,,,,INC
35,The algorithm's accuracy is improved with additional data.,Algorithm Accuracy,,,,INC
36,Cache mechanisms speed up content delivery.,Cache Mechanisms,,,,INC
37,The firewall blocks unauthorized access attempts.,Firewall,,,,INC
38,Data integrity checks are performed to prevent corruption.,Data Integrity Checks,,,,INC
39,User profiles are customized based on individual preferences.,User Profiles,,,,INC
40,The software's source code is openly accessible for review.,Source Code,,,,INC
41,Performance metrics are analyzed to identify bottlenecks.,Performance Metrics,,,,INC
42,E-commerce transactions are processed in a secure environment.,E-commerce Transactions,,,,INC
43,Memory management is crucial for application performance.,Memory Management,,,,INC
44,The training dataset significantly impacts model effectiveness.,Training Dataset,,,,INC
45,The communication protocol ensures reliable data transfer.,Communication Protocol,,,,INC
46,The audit log records all system interactions.,Audit Log,,,,INC
47,Virtual machines emulate different operating environments.,Virtual Machines,,,,INC
48,The content management system organizes digital assets.,Content Management System,,,,INC
49,The feedback loop aids in continuous system improvement.,Feedback Loop,,,,INC
50,Load testing evaluates the system's handling of high demand.,Load Testing,,,,INC
51,The application's response time is critical for user satisfaction.,Application Response Time,,,,INC
52,Data backup procedures are regularly updated to ensure security.,Data Backup Procedures,,,,INC
53,The new feature enhances user interaction within the platform.,User Interaction Enhancement,,,,INC
54,Algorithmic efficiency is key to processing large datasets.,Algorithmic Efficiency,,,,INC
55,The network's bandwidth capacity affects overall performance.,Network Bandwidth Capacity,,,,INC
56,User interface customization options are expanded in the latest update.,User Interface Customization,,,,INC
57,Server response times are crucial for maintaining website efficiency.,Server Response Times,,,,INC
58,The device's battery life is optimized through software updates.,Device Battery Life,,,,INC
59,Software scalability is important for handling increasing user loads.,Software Scalability,,,,INC
60,The system's architecture supports various module integrations.,System Architecture,,,,INC
61,Data encryption standards are rigorously applied for security.,Data Encryption Standards,,,,INC
62,The routing algorithm adjusts to changes in network topology.,Routing Algorithm,,,,INC
63,Cloud computing costs are reduced through efficient resource management.,Cloud Computing Costs,,,,INC
64,User account management includes various security features.,User Account Management,,,,INC
65,The database's storage capacity is crucial for data retention.,Database Storage Capacity,,,,INC
66,The programming framework simplifies complex application development.,Programming Framework,,,,INC
67,Real-time data is essential for dynamic system adjustments.,Real-Time Data,,,,INC
68,API response times are optimized for better integration.,API Response Times,,,,INC
69,The operating system's compatibility with hardware is vital.,Operating System Compatibility,,,,INC
70,Cybersecurity protocols protect against data breaches.,Cybersecurity Protocols,,,,INC
71,Big data tools are employed for market trend analysis.,Big Data Tools,,,,INC
72,Network traffic distribution is managed to prevent congestion.,Network Traffic Distribution,,,,INC
73,Virtual environments are created for immersive user experiences.,Virtual Environments,,,,INC
74,Computational power is allocated for intensive tasks.,Computational Power Allocation,,,,INC
75,Dependency management in software projects prevents issues.,Dependency Management,,,,INC
76,Access control systems secure sensitive data.,Access Control Systems,,,,INC
77,The user guide provides comprehensive operational instructions.,User Guide,,,,INC
78,Wireless network stability is key for uninterrupted service.,Wireless Network Stability,,,,INC
79,Multimedia file sizes are reduced without losing quality.,Multimedia File Compression,,,,INC
80,Data recovery processes safeguard against information loss.,Data Recovery Processes,,,,INC
81,Graphical user interfaces enhance user engagement.,Graphical User Interfaces,,,,INC
82,Code optimization techniques improve application efficiency.,Code Optimization Techniques,,,,INC
83,The indexing method speeds up database queries.,Database Indexing Method,,,,INC
84,Sensor accuracy is vital for reliable data collection.,Sensor Accuracy,,,,INC
85,Mobile app design focuses on user-friendly interfaces.,Mobile App Design,,,,INC
86,Network firewall settings are configured for optimal security.,Network Firewall Settings,,,,INC
87,Server performance is monitored for continuous operation.,Server Performance Monitoring,,,,INC
88,The search algorithm efficiently locates relevant information.,Search Algorithm Efficiency,,,,INC
89,Cache optimization enhances web page loading speeds.,Cache Optimization,,,,INC
90,Data validation routines check for input accuracy.,Data Validation Routines,,,,INC
91,User settings allow for personalized application experiences.,User Settings Customization,,,,INC
92,The software’s license agreement outlines usage terms.,Software License Agreement,,,,INC
93,Performance analysis identifies system improvement areas.,Performance Analysis,,,,INC
94,Secure transaction processing is critical for e-commerce platforms.,Secure Transaction Processing,,,,INC
95,Memory allocation strategies affect application performance.,Memory Allocation Strategies,,,,INC
96,Training models influence machine learning outcomes.,Training Models for Machine Learning,,,,INC
97,Communication channels ensure effective data exchange.,Communication Channels,,,,INC
98,System logs record all operational events.,System Logs,,,,INC
99,Virtual machine capabilities allow for diverse software testing.,Virtual Machine Capabilities,,,,INC
100,Digital asset management organizes content efficiently.,Digital Asset Management,,,,INC
101,The cloud platform's scalability allows for handling an increasing number of users.,Cloud Platform Scalability,,,,INC
102,Data compression algorithms play a key role in optimizing storage usage.,Data Compression Algorithms,,,,INC
103,The integration of advanced analytics enhances the application's capabilities.,Advanced Analytics Integration,,,,INC
104,The deployment process must ensure minimal downtime for users.,Deployment Process Efficiency,,,,INC
105,Efficient sorting algorithms are critical in data processing operations.,Sorting Algorithms in Data Processing,,,,INC
106,The website's load balancing strategy improves overall user access.,Website Load Balancing Strategy,,,,INC
107,Automated error reporting aids in faster bug resolution.,Automated Error Reporting,,,,INC
108,The development of an intuitive UI is essential for user engagement.,Intuitive User Interface Development,,,,INC
109,Regular software updates maintain system security and stability.,Regular Software Updates,,,,INC
110,Implementing robust data backup strategies is crucial for disaster recovery.,Data Backup Strategies,,,,INC
111,The effectiveness of encryption techniques is vital for data privacy.,Encryption Technique Effectiveness,,,,INC
112,Optimizing database queries leads to faster data retrieval.,Database Query Optimization,,,,INC
113,User authentication methods must balance security with ease of use.,User Authentication Methods,,,,INC
114,The mobile app's performance is optimized for various devices.,Mobile App Performance Optimization,,,,INC
115,The application's modularity facilitates easier updates and maintenance.,Application Modularity,,,,INC
116,Machine learning models are crucial in predictive analytics.,Machine Learning Models in Analytics,,,,INC
117,Network security measures protect against unauthorized access.,Network Security Measures,,,,INC
118,Implementing responsive web design enhances cross-platform compatibility.,Responsive Web Design,,,,INC
119,The system's logging functionality assists in troubleshooting.,System Logging Functionality,,,,INC
120,Data synchronization across multiple platforms ensures consistency.,Data Synchronization Across Platforms,,,,INC
121,Effective memory management is key in system performance.,Effective Memory Management,,,,INC
122,The application's API documentation aids in third-party integration.,API Documentation for Integration,,,,INC
123,Continuous monitoring is essential for maintaining network health.,Continuous Network Monitoring,,,,INC
124,The software's cross-platform functionality increases its accessibility.,Software Cross-Platform Functionality,,,,INC
125,User feedback mechanisms contribute to continuous improvement.,User Feedback Mechanisms,,,,INC
126,The data warehouse stores vast amounts of business intelligence information.,Data Warehouse Storage Capabilities,,,,INC
127,The compiler's efficiency impacts the overall software performance.,Compiler Efficiency,,,,INC
128,Implementing a content delivery network speeds up website loading times.,Content Delivery Network Implementation,,,,INC
129,The adoption of agile methodologies streamlines the development process.,Agile Methodology Adoption,,,,INC
130,Real-time processing is critical in time-sensitive applications.,Real-Time Processing in Applications,,,,INC
131,The encryption protocol secures communication between devices.,Encryption Protocol Security,,,,INC
132,The app's notification system keeps users informed.,App Notification System,,,,INC
133,Adaptive algorithms tailor content based on user behavior.,Adaptive Algorithms for Content,,,,INC
134,Efficient code execution is achieved through optimization techniques.,Code Execution Optimization,,,,INC
135,The system's backup frequency is adjusted based on data criticality.,System Backup Frequency,,,,INC
136,Cybersecurity training increases awareness among employees.,Cybersecurity Employee Training,,,,INC
137,The utilization of cloud storage offers flexible data management.,Cloud Storage Utilization,,,,INC
138,The framework simplifies complex application development.,Development Framework Simplification,,,,INC
139,Data privacy regulations dictate how user information is handled.,Data Privacy Regulation Compliance,,,,INC
140,The digital marketing strategy leverages user data insights.,Digital Marketing Strategy,,,,INC
141,The software's compatibility with legacy systems is considered.,Software Legacy System Compatibility,,,,INC
142,The video streaming service adjusts quality based on connection speed.,Video Streaming Quality Adjustment,,,,INC
143,Load testing evaluates the application's behavior under stress.,Application Load Testing,,,,INC
144,The gaming engine supports advanced graphics rendering.,Gaming Engine Graphics Support,,,,INC
145,The server architecture is designed for high availability.,Server Architecture for Availability,,,,INC
146,The application's user guide provides detailed instructions.,Application User Guide,,,,INC
147,Implementing a virtual assistant enhances customer service interactions.,Virtual Assistant in Customer Service,,,,INC
148,The security protocol mitigates potential vulnerabilities.,Security Protocol Implementation,,,,INC
149,The IoT device's firmware is regularly updated for new features.,IoT Device Firmware Updates,,,,INC
150,Efficient task scheduling in the operating system optimizes resource use.,Task Scheduling in Operating Systems,,,,INC
151,The system's ability to handle concurrent users is crucial for scalability.,System Scalability for Concurrent Users,,,,INC
152,Data integrity in the database is ensured through regular checks.,Data Integrity in Database,,,,INC
153,The effectiveness of the machine learning model is measured by its ability to...,Machine Learning Model Effectiveness,,,,INC
154,"In network management, traffic prioritization is key for maintaining service quality.",Network Traffic Prioritization,,,,INC
155,The user interface adapts dynamically to different screen sizes and resolutions.,Dynamic User Interface Adaptation,,,,INC
156,The application's logging system provides valuable insights for debugging.,Application Logging System,,,,INC
157,Encryption protocols are employed to secure all data transmissions.,Encryption Protocol Security,,,,INC
158,The software's modular design aids in maintaining and updating the system.,Software Modular Design,,,,INC
159,Efficient algorithms are employed to reduce computation time significantly.,Algorithm Computation Efficiency,,,,INC
160,Cloud-based services offer solutions for scalable and flexible data storage.,Cloud-Based Data Storage Solutions,,,,INC
161,The security system identifies and mitigates potential threats in real-time.,Real-Time Security Threat Mitigation,,,,INC
162,User preferences are analyzed to personalize the application experience.,User Preference Analysis,,,,INC
163,Network latency is minimized through optimized routing protocols.,Network Latency Minimization,,,,INC
164,Data visualization tools play a crucial role in representing complex data sets.,Data Visualization Tool Functionality,,,,INC
165,The software's architecture supports a wide range of third-party integrations.,Software Architecture Integration Support,,,,INC
166,Automated tools facilitate continuous testing and integration in the development process.,Automated Testing and Integration Tools,,,,INC
167,The operating system's kernel manages system resources efficiently.,Operating System Kernel Management,,,,INC
168,Cybersecurity strategies are continuously evolved to counter emerging threats.,Evolving Cybersecurity Strategies,,,,INC
169,The platform's analytics capabilities help in making data-driven decisions.,Data-Driven Analytics Platform,,,,INC
170,Data backup and recovery mechanisms are critical for business continuity.,Data Backup and Recovery Mechanisms,,,,INC
171,The API's design ensures seamless interaction between different software components.,API Design and Interaction,,,,INC
172,The database management system efficiently handles large volumes of data.,Database Management System Efficiency,,,,INC
173,Performance metrics are critical in assessing the application's effectiveness.,Application Performance Metrics,,,,INC
174,The system's user authentication process safeguards against unauthorized access.,User Authentication Process Security,,,,INC
175,Network infrastructure is optimized for high-speed data transfer.,High-Speed Network Infrastructure,,,,INC
176,The application's response to user input is both intuitive and responsive.,Responsive User Input Handling,,,,INC
177,Error handling routines are integral to the system's robustness.,System Error Handling Routines,,,,INC
178,Cloud computing resources are dynamically allocated based on demand.,Dynamic Cloud Computing Resource Allocation,,,,INC
179,The website's SEO optimization enhances its visibility and search rankings.,Website SEO Optimization,,,,INC
180,The mobile app's design ensures a seamless user experience across devices.,Mobile App Design Consistency,,,,INC
181,Software deployment strategies are designed to minimize user impact.,Software Deployment Strategy,,,,INC
182,The machine learning algorithm adapts and learns from new data.,Adaptive Machine Learning Algorithm,,,,INC
183,User access control is meticulously managed to ensure data security.,User Access Control Management,,,,INC
184,The system's compatibility with various platforms is thoroughly tested.,System Compatibility Testing,,,,INC
185,Data encryption methods are critical in protecting sensitive information.,Data Encryption Methods,,,,INC
186,The application's caching mechanisms improve overall performance.,Application Caching Mechanisms,,,,INC
187,Network security is reinforced through continuous monitoring and updates.,Continuous Network Security Monitoring,,,,INC
188,The web application's framework allows for rapid development and deployment.,Web Application Development Framework,,,,INC
189,Real-time data processing is essential for timely decision-making.,Real-Time Data Processing Capability,,,,INC
190,The system's memory management optimizes resource utilization.,System Memory Management Optimization,,,,INC
191,Advanced rendering techniques enhance the graphical fidelity of the application.,Advanced Graphical Rendering Techniques,,,,INC
192,The content management system streamlines the creation and distribution of digital content.,Content Management System Efficiency,,,,INC
193,User experience design focuses on ease of use and intuitive navigation.,User Experience Design Focus,,,,INC
194,The deployment pipeline automates various stages of software release.,Software Deployment Pipeline Automation,,,,INC
195,The application's scalability is tested under varying loads.,Application Scalability Testing,,,,INC
196,Data compression techniques are essential for efficient storage and transmission.,Data Compression Techniques,,,,INC
197,The system's audit trails provide comprehensive logs of all activities.,System Audit Trail Logging,,,,INC
198,User feedback is collected and analyzed to guide future improvements.,User Feedback Collection and Analysis,,,,INC
199,The application's load balancing distributes workload evenly across servers.,Application Load Balancing,,,,INC
200,The blockchain technology underpinning the system ensures data integrity and security.,Blockchain Technology Implementation,,,,INC
201,Our algorithm improves data analysis significantly.,,,Data Analysis,,MLN
202,The software facilitates user interaction in various applications.,,,User Interaction,,MLN
203,The network protocol ensures secure data transfer.,,,Network Protocol,,MLN
204,The application's interface is user-friendly and intuitive.,,,Application's Interface,,MLN
205,The cloud service offers scalable storage options.,,,Cloud Service,,MLN
206,The module for data encryption enhances security.,,,Data Encryption,,MLN
207,The programming tool simplifies code development.,,,Programming Tool,,MLN
208,The data structure allows efficient information retrieval.,,,Data Structure,,MLN
209,The machine learning model adapts to new data.,,,Machine Learning Model,,MLN
210,The server architecture is designed for high performance.,,,Server Architecture,,MLN
211,The development environment supports multiple programming languages.,,,Development Environment,,MLN
212,The security system prevents unauthorized access.,,,Security System,,MLN
213,The user authentication method is robust and secure.,,,User Authentication Method,,MLN
214,The API enables seamless integration of different services.,,,API,,MLN
215,The virtual machine runs on diverse operating systems.,,,Virtual Machine,,MLN
216,The compression algorithm reduces file sizes effectively.,,,Compression Algorithm,,MLN
217,The graphical user interface is customizable.,,,Graphical User Interface,,MLN
218,The sensor technology accurately detects environmental changes.,,,Sensor Technology,,MLN
219,The web framework is optimized for responsive design.,,,Web Framework,,MLN
220,The database management system handles large datasets.,,,Database Management System,,MLN
221,The encryption protocol secures sensitive information.,,,Encryption Protocol,,MLN
222,The software testing process is thorough and efficient.,,,Software Testing Process,,MLN
223,The hardware compatibility is broad and versatile.,,,Hardware Compatibility,,MLN
224,The data visualization tool presents complex data clearly.,,,Data Visualization Tool,,MLN
225,The content management system is easy to navigate.,,,Content Management System,,MLN
226,The network topology is designed for optimal performance.,,,Network Topology,,MLN
227,The file system organizes data logically.,,,File System,,MLN
228,The programming library includes a wide range of functions.,,,Programming Library,,MLN
229,The caching mechanism speeds up data access.,,,Caching Mechanism,,MLN
230,The firmware updates are automatic and reliable.,,,Firmware Updates,,MLN
231,The cybersecurity measures are comprehensive and effective.,,,Cybersecurity Measures,,MLN
232,The backup solution protects against data loss.,,,Backup Solution,,MLN
233,The mobile platform is designed for various screen sizes.,,,Mobile Platform,,MLN
234,The compiler translates high-level code efficiently.,,,Compiler,,MLN
235,The robotics control system is precise and reliable.,,,Robotics Control System,,MLN
236,The load balancing technique distributes traffic evenly.,,,Load Balancing Technique,,MLN
237,The speech recognition software accurately interprets spoken words.,,,Speech Recognition Software,,MLN
238,The virtual reality environment is immersive and realistic.,,,Virtual Reality Environment,,MLN
239,The artificial intelligence system learns and evolves over time.,,,Artificial Intelligence System,,MLN
240,The data mining process uncovers hidden patterns.,,,Data Mining Process,,MLN
241,The client-server model facilitates efficient data exchange.,,,Client-Server Model,,MLN
242,The augmented reality feature enhances real-world environments.,,,Augmented Reality Feature,,MLN
243,The blockchain technology ensures secure transactions.,,,Blockchain Technology,,MLN
244,The digital signature authenticates documents reliably.,,,Digital Signature,,MLN
245,The quantum computing approach solves complex problems.,,,Quantum Computing Approach,,MLN
246,The network security protocol defends against cyber attacks.,,,Network Security Protocol,,MLN
247,The text analysis algorithm processes natural language effectively.,,,Text Analysis Algorithm,,MLN
248,The object-relational mapping simplifies database interactions.,,,Object-Relational Mapping,,MLN
249,"The container orchestration was implemented, yet its strategy was not explained.",,,Container Orchestration,,MLN
250,"The microservices communicated via an API gateway, but the details were vague.",,,API Gateway,,MLN
251,"Our application used lazy loading, but how it worked was not clear.",,,Lazy Loading,,MLN
252,"The server's uptime was monitored, but what was being measured was unclear.",,,Server Uptime,,MLN
253,"We implemented a CAPTCHA, but its effectiveness wasn't explained.",,,CAPTCHA,,MLN
254,"The system's BIOS needed updating, but the process was not detailed.",,,BIOS,,MLN
255,"The ETL process was initiated, but its stages were ambiguous.",,,ETL Process,,MLN
256,"The firmware was flashed, yet the outcome was not described.",,,Firmware,,MLN
257,"The GPU accelerated certain tasks, but which ones were not specified.",,,GPU Acceleration,,MLN
258,"We observed a memory leak, but couldn't pinpoint its origin.",,,Memory Leak,,MLN
259,"The RAID levels were adjusted, but the rationale was not explained.",,,RAID Levels,,MLN
260,"The SSH tunnel was established, but its purpose was unclear.",,,SSH Tunnel,,MLN
261,"The TCP/IP protocol was used, but how it functioned was not detailed.",,,TCP/IP Protocol,,MLN
262,"The UX design was revised, but the changes were not specified.",,,UX Design,,MLN
263,"The virtual environment was set up, but its configuration was vague.",,,Virtual Environment,,MLN
264,"Webhooks were implemented, but their triggers were not clear.",,,Webhooks,,MLN
265,"The XSS vulnerability was identified, but its implications were not explained.",,,XSS Vulnerability,,MLN
266,"The YAML file was corrupted, but the error was not obvious.",,,YAML File,,MLN
267,"The ZFS filesystem was utilized, but its benefits were not described.",,,ZFS Filesystem,,MLN
268,"The algorithm's asymptotic behavior was mentioned, but not elaborated.",,,Asymptotic Behavior,,MLN
269,"The botnet was detected, but its impact was unclear.",,,Botnet,,MLN
270,"The CDN distributed content, but how it operated was vague.",,,CDN (Content Delivery Network),,MLN
271,"The cron expression was modified, but its new schedule was not explained.",,,Cron Expression,,MLN
272,"The data pipeline processed streams, but the method was unclear.",,,Data Pipeline,,MLN
273,"The device drivers were updated, but the improvements were not detailed.",,,Device Drivers,,MLN
274,"The edge computing node was installed, but its function was vague.",,,Edge Computing Node,,MLN
275,"The FTP protocol transferred files, but the security aspects were not mentioned.",,,FTP Protocol,,MLN
276,"The garbage collector ran, but what it collected was not specified.",,,Garbage Collector,,MLN
277,"The hash function encrypted data, but the type was not mentioned.",,,Hash Function,,MLN
278,"The IoT device transmitted data, but the protocol used was unclear.",,,IoT Device,,MLN
279,"The kernel mode offered privileges, but which ones were not detailed.",,,Kernel Mode,,MLN
280,"The load balancer distributed requests, but the criteria were ambiguous.",,,Load Balancer,,MLN
281,"The machine learning pipeline was complex, but its components were not described.",,,Machine Learning Pipeline,,MLN
282,"The neural network's weights were adjusted, but the effect was not explained.",,,Neural Network Weights,,MLN
283,"The object-oriented approach was used, but its principles were vague.",,,Object-Oriented Approach,,MLN
284,"The proxy server filtered traffic, but the rules were not clear.",,,Proxy Server,,MLN
285,"The quantum bits operated differently, but how was not explained.",,,Quantum Bits,,MLN
286,"The regex matched patterns, but which patterns were not detailed.",,,Regex Patterns,,MLN
287,"The sandbox environment isolated processes, but its limitations were not described.",,,Sandbox Environment,,MLN
288,"The software dependency was updated, but its necessity was not clear.",,,Software Dependency,,MLN
289,"The thread pool managed tasks, but how it was organized was not explained.",,,Thread Pool,,MLN
290,"The UDP protocol was faster, but the trade-offs were not detailed.",,,UDP Protocol,,MLN
291,"The virtual DOM updated elements, but the mechanism was vague.",,,Virtual DOM,,MLN
292,"The web service responded with JSON, but the structure was not specified.",,,Web Service (JSON Response),,MLN
293,"The XML parser read data, but the format was not explained.",,,XML Parser,,MLN
294,"The zero-day exploit was feared, but its nature was not described.",,,Zero-Day Exploit,,MLN
295,"The 4G network provided connectivity, but the coverage area was unclear.",,,4G Network,,MLN
296,"The bytecode was compiled, but its execution was not detailed.",,,Bytecode,,MLN
297,"The cloud instance was scalable, but the limits were not explained.",,,Cloud Instance,,MLN
298,"The data warehouse stored historical data, but the retrieval process was vague.",,,Data Warehouse,,MLN
299,"The daemon process was terminated, but the impact on the system was unknown.",,,Daemon Process,,MLN
300,"Our application uses a facade pattern, but its implementation was not explained.",,,Facade Pattern,,MLN
301,"The kernel module was loaded, but its functionality was unclear.",,,Kernel Module,,MLN
302,"The middleware intercepted the API call, but its purpose was ambiguous.",,,Middleware,,MLN
303,"The neural network used backpropagation, but the specifics were not discussed.",,,Backpropagation,,MLN
304,"The OAuth implementation authenticated users, but the process was vague.",,,OAuth Implementation,,MLN
305,"We implemented a radix sort algorithm, but its efficiency was not compared.",,,Radix Sort Algorithm,,MLN
306,"The server used a virtual file system, but how it worked was not explained.",,,Virtual File System,,MLN
307,"The web application had a CSRF vulnerability, but the risks were not detailed.",,,CSRF Vulnerability,,MLN
308,"The algorithm used dynamic programming, but the problem it solved was not clear.",,,Dynamic Programming,,MLN
309,"The blockchain ledger was updated, but the consensus mechanism was ambiguous.",,,Blockchain Ledger,,MLN
310,"The cloud architecture was multi-tenant, but the implications were unclear.",,,Multi-Tenant Cloud Architecture,,MLN
311,"The compiler optimized the bytecode, but the strategy was not specified.",,,Bytecode Optimization,,MLN
312,"The database transaction was rolled back, but the trigger was not explained.",,,Database Transaction,,MLN
313,"The distributed ledger technology was utilized, but its advantages were vague.",,,Distributed Ledger Technology,,MLN
314,"The embedded system operated in real-time, but the constraints were not detailed.",,,Real-Time Embedded System,,MLN
315,"The FPGA device was programmed, but the logic it implemented was unknown.",,,FPGA Device,,MLN
316,"The garbage collection process was optimized, but the criteria were unclear.",,,Garbage Collection Optimization,,MLN
317,"The heuristic algorithm made decisions, but the logic was not explained.",,,Heuristic Algorithm,,MLN
318,"The IDS system detected an intrusion, but the response was not detailed.",,,IDS System,,MLN
319,"The JVM managed the memory, but the garbage collection strategy was not clear.",,,JVM Memory Management,,MLN
320,"The lambda architecture processed data, but its layers were not explained.",,,Lambda Architecture,,MLN
321,"The machine learning model was overfitting, but the reasons were not clear.",,,Overfitting Machine Learning Model,,MLN
322,"The microkernel architecture was used, but its benefits were not detailed.",,,Microkernel Architecture,,MLN
323,"The NAT traversal was performed, but the method was not explained.",,,NAT Traversal,,MLN
324,"The neural network's activation function was changed, but its effect was not detailed.",,,Activation Function,,MLN
325,"The object detection algorithm identified items, but the accuracy was unclear.",,,Object Detection Algorithm,,MLN
326,"The packet-switched network transmitted data, but the protocol used was not clear.",,,Packet-Switched Network,,MLN
327,"The quantum computer solved a complex problem, but the algorithm was not explained.",,,Quantum Computer,,MLN
328,"The RAID array was configured, but the type was not specified.",,,RAID Array Configuration,,MLN
329,"The REST API provided resources, but the endpoints were not clear.",,,REST API,,MLN
330,"The RPC call was made, but the service it accessed was not detailed.",,,RPC Call,,MLN
331,"The sensor fusion technique combined data, but the sources were not clear.",,,Sensor Fusion Technique,,MLN
332,"The SOAP protocol was used, but the message format was not explained.",,,SOAP Protocol,,MLN
333,"The software used a factory method pattern, but its application was vague.",,,Factory Method Pattern,,MLN
334,"The state machine managed transitions, but the states were not detailed.",,,State Machine,,MLN
335,"The TCP handshake established a connection, but the sequence was not clear.",,,TCP Handshake,,MLN
336,"The thread-safe operation was crucial, but its implementation was not detailed.",,,Thread-Safe Operation,,MLN
337,"The UDP datagrams were sent, but the reliability was not discussed.",,,UDP Datagrams,,MLN
338,"The virtual reality system created an immersive experience, but the technology was not explained.",,,Virtual Reality System,,MLN
339,"The web crawler indexed pages, but the algorithm used was not detailed.",,,Web Crawler,,MLN
340,"The wireless protocol connected devices, but the security was not clear.",,,Wireless Protocol,,MLN
341,"The XACML policy enforced access control, but the rules were not detailed.",,,XACML Policy,,MLN
342,"The YAML configuration was set up, but its parameters were not clear.",,,YAML Configuration,,MLN
343,"The zero-knowledge proof secured transactions, but the method was not explained.",,,Zero-Knowledge Proof,,MLN
344,"The 3D rendering engine visualized graphics, but the techniques were not detailed.",,,3D Rendering Engine,,MLN
345,"The asynchronous operation improved performance, but the mechanics were not clear.",,,Asynchronous Operation,,MLN
346,"The bitmap index sped up searches, but the structure was not explained.",,,Bitmap Index,,MLN
347,"The cloud-based AI service analyzed data, but the algorithms used were not clear.",,,Cloud-Based AI Service,,MLN
348,"The data lake stored vast amounts of data, but the retrieval process was not detailed.",,,Data Lake,,MLN
349,"The algorithm's heuristic was modified, but its effect was not explained.",,,Algorithm Heuristic,,MLN
350,"The B-tree index was used, but how it improved performance was unclear.",,,B-tree Index,,MLN
351,"The CDN cached content, but the strategy behind it was not detailed.",,,CDN (Content Delivery Network),,MLN
352,"The data mart aggregated specific datasets, but its use was vague.",,,Data Mart,,MLN
353,"The deployment script automated tasks, but which tasks were not specified.",,,Deployment Script,,MLN
354,"The encryption used a symmetric key, but the details were ambiguous.",,,Symmetric Key Encryption,,MLN
355,"The firmware was in bootloader mode, but the reason was not clear.",,,Bootloader Mode Firmware,,MLN
356,"The graph database stored relationships, but the structure was not explained.",,,Graph Database,,MLN
357,"The hypervisor managed virtual machines, but how it operated was not detailed.",,,Hypervisor,,MLN
358,"The IoT protocol communicated data, but the specifics were not clear.",,,IoT Protocol,,MLN
359,"The load balancer used round-robin scheduling, but the benefits were not explained.",,,Round-Robin Load Balancer,,MLN
360,"The message broker distributed messages, but its configuration was unclear.",,,Message Broker,,MLN
361,"The NoSQL database scaled horizontally, but the impact was not detailed.",,,NoSQL Database Scaling,,MLN
362,"The OAuth 2.0 flow was initiated, but the steps were not clear.",,,OAuth 2.0 Flow,,MLN
363,"The proxy server cached requests, but the criteria were not explained.",,,Proxy Server Caching,,MLN
364,"The RESTful service exposed endpoints, but their functions were vague.",,,RESTful Service,,MLN
365,"The SSL/TLS protocol secured communication, but the process was not detailed.",,,SSL/TLS Protocol,,MLN
366,"The tokenization process protected data, but how it worked was unclear.",,,Tokenization Process,,MLN
367,"The VMs used thin provisioning, but the advantages were not explained.",,,Thin Provisioning VMs,,MLN
368,"The web API fetched data asynchronously, but the mechanism was not clear.",,,Asynchronous Web API,,MLN
369,"The XML file stored configuration data, but its structure was not detailed.",,,XML File Configuration,,MLN
370,"The 2-factor authentication added security, but its operation was vague.",,,2-factor Authentication,,MLN
371,"The agile sprint focused on deliverables, but the goals were not clear.",,,Agile Sprint,,MLN
372,"The blockchain network validated transactions, but the method was not detailed.",,,Blockchain Network,,MLN
373,"The compiler used just-in-time compilation, but its efficiency was unclear.",,,Just-in-Time Compiler,,MLN
374,"The container runtime isolated processes, but how it was achieved was not explained.",,,Container Runtime,,MLN
375,"The data pipeline ingested real-time data, but the source was not clear.",,,Real-time Data Pipeline,,MLN
376,"The distributed file system managed storage, but its architecture was vague.",,,Distributed File System,,MLN
377,"The edge device processed data locally, but its capabilities were not detailed.",,,Edge Device Processing,,MLN
378,"The Git workflow managed code changes, but the process was not clear.",,,Git Workflow,,MLN
379,"The hashing algorithm secured passwords, but the type was not specified.",,,Password Hashing Algorithm,,MLN
380,"The Kubernetes cluster orchestrated containers, but how it was configured was unclear.",,,Kubernetes Cluster,,MLN
381,"The machine learning model predicted outcomes, but its accuracy was not detailed.",,,Machine Learning Model Prediction,,MLN
382,"The neural network trained on datasets, but the training process was vague.",,,Neural Network Training,,MLN
383,"The object storage saved unstructured data, but its retrieval was not clear.",,,Object Storage,,MLN
384,"The packet filtering firewall blocked traffic, but the rules were not detailed.",,,Packet Filtering Firewall,,MLN
385,"The quantum algorithm solved problems, but its implementation was not clear.",,,Quantum Algorithm,,MLN
386,"The RAID setup protected data, but the configuration was not explained.",,,RAID Setup,,MLN
387,"The serverless architecture reduced overhead, but how it worked was unclear.",,,Serverless Architecture,,MLN
388,"The software used an interpreter, but its operation was not detailed.",,,Interpreter Software,,MLN
389,"The time series database stored temporal data, but its usage was not clear.",,,Time Series Database,,MLN
390,"The UDP protocol enabled fast communication, but the drawbacks were not detailed.",,,UDP Protocol,,MLN
391,"The virtual network created segments, but their purpose was not clear.",,,Virtual Network,,MLN
392,"The web server hosted applications, but its configuration was not explained.",,,Web Server Hosting,,MLN
393,"The X-ray imaging algorithm analyzed images, but its precision was vague.",,,X-ray Imaging Algorithm,,MLN
394,"The zero-trust model secured networks, but its implementation was not clear.",,,Zero-Trust Model,,MLN
395,"The 3-tier architecture separated concerns, but the layers were not detailed.",,,3-tier Architecture,,MLN
396,"The bytecode interpreter executed instructions, but its efficiency was unclear.",,,Bytecode Interpreter,,MLN
397,"The cloud service provided elasticity, but how it scaled was not explained.",,,Cloud Service Elasticity,,MLN
398,"The data normalization process improved database design, but its method was not clear.",,,Data Normalization Process,,MLN
399,"The CPU, or central processing unit, is essential for processing instructions.",,,CPU,Central Processing Unit,RDC
400,"An algorithm, a set of predefined rules, efficiently solves complex problems.",,,Algorithm,Set of Predefined Rules,RDC
401,"The operating system, often abbreviated as OS, manages the computer's resources.",,,Operating System,OS,RDC
402,"A database, a structured data repository, organizes and stores information efficiently.",,,Database,Structured Data Repository,RDC
403,"RAM, short for random access memory, is crucial for temporary data storage.",,,RAM,Random Access Memory,RDC
404,"The GPU, also known as the graphics processing unit, renders images and videos.",,,GPU,Graphics Processing Unit,RDC
405,"The server, a central computing system, provides data and services to networked computers.",,,Server,Central Computing System,RDC
406,"Wi-Fi, a form of wireless networking technology, enables internet connectivity.",,,Wi-Fi,Wireless Networking Technology,RDC
407,"The firewall, a network security device, protects against unauthorized access.",,,Firewall,Network Security Device,RDC
408,"An SSD, or solid-state drive, offers fast data storage and retrieval.",,,SSD,Solid-State Drive,RDC
409,"HTML, hypertext markup language, is the standard for creating web pages.",,,HTML,Hypertext Markup Language,RDC
410,"The API, application programming interface, facilitates interaction between different software.",,,API,Application Programming Interface,RDC
411,"Machine learning, a subset of artificial intelligence, allows computers to learn from data.",,,Machine Learning,Subset of Artificial Intelligence,RDC
412,"A router, a network distribution device, directs internet traffic.",,,Router,Network Distribution Device,RDC
413,"The motherboard, the main circuit board, houses critical computer components.",,,Motherboard,Main Circuit Board,RDC
414,"The compiler, a code translation tool, turns high-level language into machine code.",,,Compiler,Code Translation Tool,RDC
415,"Encryption, the process of converting data into a secure format, protects sensitive information.",,,Encryption,Process of Converting Data,RDC
416,"The cloud, a network of remote servers, offers scalable computing resources.",,,Cloud,Network of Remote Servers,RDC
417,"A virtual machine, a software-based computer emulation, runs different operating systems.",,,Virtual Machine,Software-Based Computer Emulation,RDC
418,"The kernel, the core component of an operating system, manages system operations.",,,Kernel,Core Component of an Operating System,RDC
419,"Cybersecurity, also known as digital security, protects systems from online threats.",,,Cybersecurity,Digital Security,RDC
420,"Firmware, embedded software in electronic devices, controls device functions.",,,Firmware,Embedded Software,RDC
421,"A sensor, an input device for data collection, detects environmental changes.",,,Sensor,Input Device for Data Collection,RDC
422,"A pixel, the smallest unit of a digital image, displays color and brightness.",,,Pixel,Smallest Unit of a Digital Image,RDC
423,"A modem, a device for internet connectivity, modulates and demodulates digital signals.",,,Modem,Device for Internet Connectivity,RDC
424,"The cache, a high-speed data storage area, improves processing efficiency.",,,Cache,High-Speed Data Storage Area,RDC
425,"A script, a set of programmed instructions, automates computer processes.",,,Script,Set of Programmed Instructions,RDC
426,"A user interface, or UI, enables interaction between users and computer systems.",,,User Interface,UI,RDC
427,"A byte, a unit of digital information, represents data in computing.",,,Byte,Unit of Digital Information,RDC
428,"A network protocol, a set of digital communication rules, facilitates data exchange.",,,Network Protocol,Set of Digital Communication Rules,RDC
429,"A plugin, or software add-on, enhances the functionality of a program.",,,Plugin,Software Add-On,RDC
430,"An IDE, an integrated development environment, supports software development.",,,IDE,Integrated Development Environment,RDC
431,"A digital certificate, an online authentication mechanism, verifies digital identities.",,,Digital Certificate,Online Authentication Mechanism,RDC
432,"A blockchain, a digital ledger system, records transactions securely.",,,Blockchain,Digital Ledger System,RDC
433,"A backup, a copy of data, ensures information is not lost.",,,Backup,Copy of Data,RDC
434,"A bot, an automated software agent, executes repetitive tasks.",,,Bot,Automated Software Agent,RDC
435,"Quantum computing, based on quantum mechanics, performs advanced calculations.",,,Quantum Computing,Technology Based on Quantum Mechanics,RDC
436,"A cookie, a small data file, stores web browsing information.",,,Cookie,Small Data File,RDC
437,"Virtual reality, a simulated digital environment, creates immersive experiences.",,,Virtual Reality,Simulated Digital Environment,RDC
438,"A widget, a small graphical user interface component, adds specific functions.",,,Widget,Small Graphical User Interface Component,RDC
439,"The BIOS, basic input/output system, initializes computer hardware during startup.",,,BIOS,Basic Input/Output System,RDC
440,"An IP address, an internet protocol identifier, uniquely locates devices on a network.",,,IP Address,Internet Protocol Identifier,RDC
441,"A microprocessor, a compact central processing unit, performs computer calculations.",,,Microprocessor,Compact Central Processing Unit,RDC
442,"A query, a data retrieval instruction, fetches information from databases.",,,Query,Data Retrieval Instruction,RDC
443,"The motherboard, a primary computer board, links all computer components.",,,Motherboard,Primary Computer Board,RDC
444,"A thread, a unit of execution in computing, handles multiple tasks simultaneously.",,,Thread,Unit of Execution in Computing,RDC
445,"A web server, a system that hosts websites, delivers web content.",,,Web Server,System That Hosts Websites,RDC
446,"A compiler, a software tool that translates code, converts source code into executable format.",,,Compiler,Software Tool That Translates Code,RDC
447,"The kernel, the central part of an operating system, controls essential functions.",,,Kernel,Central Part of an Operating System,RDC
448,"A virtual machine, an emulation of a computer system, operates different OS environments.",,,Virtual Machine,Emulation of a Computer System,RDC
449,"The graphical user interface, or GUI, enhances user interaction with software.",,,Graphical User Interface,GUI,RDC
450,"An application, also known as an app, is a type of software designed for users.",,,Application,App,RDC
451,"The central processing unit, or CPU, is the primary component for executing instructions.",,,Central Processing Unit,CPU,RDC
452,"A solid-state drive, known as an SSD, provides fast data storage.",,,Solid-State Drive,SSD,RDC
453,"Random access memory, or RAM, is essential for temporary data storage.",,,Random Access Memory,RAM,RDC
454,The main circuit board in a computer is often referred to as the motherboard.,,,Main Circuit Board,Motherboard,RDC
455,"An operating system, or OS, manages hardware and software resources.",,,Operating System,OS,RDC
456,"A router, a networking device, directs data on a network.",,,Router,Networking Device,RDC
457,"Wi-Fi, wireless networking technology, enables internet access without cables.",,,Wi-Fi,Wireless Networking Technology,RDC
458,"The firewall, a security system, protects networks from unauthorized access.",,,Firewall,Security System,RDC
459,"A server, a system providing data or services, supports networked clients.",,,Server,System Providing Data or Services,RDC
460,"A database, a structured information storage system, organizes data.",,,Database,Structured Information Storage System,RDC
461,"An algorithm, a procedure or formula, solves problems or performs tasks.",,,Algorithm,Procedure or Formula,RDC
462,"The cache, a high-speed storage area, improves processing speed.",,,Cache,High-Speed Storage Area,RDC
463,"A virtual machine, a software emulation, runs multiple operating systems.",,,Virtual Machine,Software Emulation,RDC
464,"A compiler, a program translation tool, converts source code to executable code.",,,Compiler,Program Translation Tool,RDC
465,"A kernel, the core of an operating system, manages system resources.",,,Kernel,Core of an Operating System,RDC
466,"Cybersecurity, also known as information technology security, protects digital data.",,,Cybersecurity,Information Technology Security,RDC
467,"A plugin, or add-on, enhances the functionality of existing software.",,,Plugin,Add-On,RDC
468,"An integrated development environment, or IDE, supports software development.",,,Integrated Development Environment,IDE,RDC
469,"A sensor, an electronic device, detects and responds to environmental input.",,,Sensor,Electronic Device,RDC
470,"A pixel, the smallest image unit, displays color and light.",,,Pixel,Smallest Image Unit,RDC
471,"A modem, an internet connectivity device, transmits digital data.",,,Modem,Internet Connectivity Device,RDC
472,"Machine learning, a subset of AI, allows systems to learn from data.",,,Machine Learning,Subset of AI,RDC
473,"The cloud, a network of servers, provides remote computing services.",,,Cloud,Network of Servers,RDC
474,"A script, a sequence of commands, automates actions on a computer.",,,Script,Sequence of Commands,RDC
475,"User interface, or UI, is where users interact with computers.",,,User Interface,UI,RDC
476,"A byte, a unit of digital information, comprises eight bits.",,,Byte,Unit of Digital Information,RDC
477,"A network protocol, a set of digital rules, governs data communication.",,,Network Protocol,Set of Digital Rules,RDC
478,"Encryption, the conversion of information into code, secures data.",,,Encryption,Conversion of Information into Code,RDC
479,"A digital certificate, an online authentication tool, confirms digital identities.",,,Digital Certificate,Online Authentication Tool,RDC
480,"A blockchain, a distributed ledger, records transactions across multiple computers.",,,Blockchain,Distributed Ledger,RDC
481,"A backup, a secondary copy, safeguards data against loss.",,,Backup,Secondary Copy,RDC
482,"A bot, an automated program, performs repetitive tasks.",,,Bot,Automated Program,RDC
483,"Quantum computing, advanced computational technology, solves complex problems.",,,Quantum Computing,Advanced Computational Technology,RDC
484,"A cookie, a small data file, stores browsing information.",,,Cookie,Small Data File,RDC
485,"Virtual reality, an immersive digital environment, creates simulated experiences.",,,Virtual Reality,Immersive Digital Environment,RDC
486,"A widget, a small interface element, provides specific functionality.",,,Widget,Small Interface Element,RDC
487,"The BIOS, basic input/output system, initializes computer hardware.",,,BIOS,Basic Input/Output System,RDC
488,"An IP address, a network identification number, uniquely identifies devices online.",,,IP Address,Network Identification Number,RDC
489,"A microprocessor, a miniaturized CPU, processes computer tasks.",,,Microprocessor,Miniaturized CPU,RDC
490,"A query, a data request, retrieves information from databases.",,,Query,Data Request,RDC
491,"The motherboard, the central board in a computer, connects components.",,,Motherboard,Central Board in a Computer,RDC
492,"A thread, a path of execution, manages multiple tasks in parallel.",,,Thread,Path of Execution,RDC
493,"A web server, a content delivery system, hosts and delivers web content.",,,Web Server,Content Delivery System,RDC
494,"A compiler, a source code translator, turns high-level language into machine language.",,,Compiler,Source Code Translator,RDC
495,"The kernel, the essential part of an OS, oversees system operations.",,,Kernel,Essential Part of an OS,RDC
496,"A virtual machine, a computer system emulation, operates in software.",,,Virtual Machine,Computer System Emulation,RDC
497,"The graphical user interface, or GUI, facilitates user-software interaction.",,,Graphical User Interface,Facilitates User-Software Interaction,RDC
498,"An application, commonly known as an app, runs specific tasks for users.",,,Application,Runs Specific Tasks for Users,RDC
499,"The processor, or CPU, performs the computer's main calculations.",,,Processor,CPU,RDC
500,"A software application, commonly known as an app, executes specific tasks.",,,Software Application,App,RDC
501,"The motherboard, the mainboard, is the central hub of a computer.",,,Motherboard,Mainboard,RDC
502,"Random access memory, or RAM, temporarily stores data for quick access.",,,Random Access Memory,RAM,RDC
503,"The graphics card, also known as the GPU, renders visual images.",,,Graphics Card,GPU,RDC
504,"A hard disk drive, or HDD, stores a large amount of data.",,,Hard Disk Drive,HDD,RDC
505,"The router, a network hub, directs digital traffic.",,,Router,Network Hub,RDC
506,"A virtual machine, or VM, simulates a computer system.",,,Virtual Machine,VM,RDC
507,"An operating system, often abbreviated as OS, coordinates hardware and software.",,,Operating System,OS,RDC
508,"The user interface, or UI, allows users to interact with software.",,,User Interface,UI,RDC
509,"A solid-state drive, known as an SSD, provides fast storage.",,,Solid-State Drive,SSD,RDC
510,"Wi-Fi, wireless fidelity, enables cable-free internet access.",,,Wi-Fi,Wireless Fidelity,RDC
511,"A server, a data service provider, hosts and manages digital resources.",,,Server,Data Service Provider,RDC
512,"An algorithm, a computational formula, systematically solves problems.",,,Algorithm,Computational Formula,RDC
513,"The cloud, cloud computing, offers remote services and storage.",,,Cloud,Cloud Computing,RDC
514,"Machine learning, a branch of AI, enables systems to learn from data.",,,Machine Learning,Branch of AI,RDC
515,"The BIOS, basic input/output system, initializes computer hardware.",,,BIOS,Basic Input/Output System,RDC
516,"A firewall, a security barrier, protects against digital threats.",,,Firewall,Security Barrier,RDC
517,"A modem, a communication device, connects to the internet.",,,Modem,Communication Device,RDC
518,"The cache, a temporary storage area, speeds up data access.",,,Cache,Temporary Storage Area,RDC
519,"Encryption, a security method, safeguards digital information.",,,Encryption,Security Method,RDC
520,"A database, a data management system, organizes and stores information.",,,Database,Data Management System,RDC
521,"The kernel, the core of an operating system, manages system operations.",,,Kernel,Core of an Operating System,RDC
522,"Cybersecurity, digital security, protects against online threats.",,,Cybersecurity,Digital Security,RDC
523,"A digital certificate, a security credential, verifies digital identities.",,,Digital Certificate,Security Credential,RDC
524,"A blockchain, a distributed ledger, records transactions securely.",,,Blockchain,Distributed Ledger,RDC
525,"A backup, a data duplicate, prevents loss of information.",,,Backup,Data Duplicate,RDC
526,"A sensor, a detection device, gathers environmental data.",,,Sensor,Detection Device,RDC
527,"Quantum computing, quantum processing, performs advanced computations.",,,Quantum Computing,Quantum Processing,RDC
528,"A cookie, a web data file, stores user preferences.",,,Cookie,Web Data File,RDC
529,"Virtual reality, VR, creates immersive digital experiences.",,,Virtual Reality,VR,RDC
530,"A widget, an interface element, adds functionality to applications.",,,Widget,Interface Element,RDC
531,"An IP address, an internet address, identifies networked devices.",,,IP Address,Internet Address,RDC
532,"A microprocessor, a small CPU, performs computing tasks.",,,Microprocessor,Small CPU,RDC
533,"A query, a data inquiry, retrieves information from a database.",,,Query,Data Inquiry,RDC
534,"The thread, a unit of execution, handles concurrent operations.",,,Thread,Unit of Execution,RDC
535,"A web server, a website host, delivers internet content.",,,Web Server,Website Host,RDC
536,"A compiler, a language translator, converts source code to executable code.",,,Compiler,Language Translator,RDC
537,"A pixel, a digital image element, represents color and light.",,,Pixel,Digital Image Element,RDC
538,"A script, a programmed command sequence, automates actions.",,,Script,Programmed Command Sequence,RDC
539,"A network protocol, a communication standard, governs data exchange.",,,Network Protocol,Communication Standard,RDC
540,"An IDE, a coding environment, aids software development.",,,IDE,Coding Environment,RDC
541,"A plugin, a software extension, enhances application capabilities.",,,Plugin,Software Extension,RDC
542,"The motherboard, a central circuit board, connects computer components.",,,Motherboard,Central Circuit Board,RDC
543,"Firmware, embedded operational software, controls hardware functions.",,,Firmware,Embedded Operational Software,RDC
544,"A byte, a data measurement unit, consists of bits.",,,Byte,Data Measurement Unit,RDC
545,"A router, a digital traffic director, manages network paths.",,,Router,Digital Traffic Director,RDC
546,"A digital certificate, an authentication token, confirms online identities.",,,Digital Certificate,Authentication Token,RDC
547,"An application, a computer program, performs designated functions.",,,Application,Computer Program,RDC
548,"A virtual machine, a digital system emulator, runs multiple OSes.",,,Virtual Machine,Digital System Emulator,RDC
549,"The CPU, or central processing unit, is the primary hardware for computations.",,,CPU,Central Processing Unit,RDC
550,"A hard drive, often known as an HDD, stores a large amount of digital data.",,,Hard Drive,HDD,RDC
551,"The graphics card, also referred to as the GPU, handles visual rendering.",,,Graphics Card,GPU,RDC
552,"An operating system, or OS, coordinates the software and hardware of a computer.",,,Operating System,OS,RDC
553,"Random access memory, commonly called RAM, stores data for active processes.",,,Random Access Memory,RAM,RDC
554,"A motherboard, the main board, hosts the computer's essential components.",,,Motherboard,Main Board,RDC
555,"The router, a network distribution device, manages the flow of data.",,,Router,Network Distribution Device,RDC
556,"Solid-state drives, known as SSDs, offer rapid data access and storage.",,,Solid-State Drives,SSDs,RDC
557,"Wi-Fi, wireless fidelity, provides wireless internet connectivity.",,,Wi-Fi,Wireless Fidelity,RDC
558,"A server, a central computing resource, manages networked data and services.",,,Server,Central Computing Resource,RDC
559,"The firewall, a network security system, prevents unauthorized digital access.",,,Firewall,Network Security System,RDC
560,"A virtual machine, often abbreviated as VM, emulates a computer system.",,,Virtual Machine,VM,RDC
561,"The cache, a high-speed storage area, temporarily holds frequently accessed data.",,,Cache,High-Speed Storage Area,RDC
562,"A user interface, or UI, enables interaction with software applications.",,,User Interface,UI,RDC
563,"The compiler, a code translator, converts high-level language to machine code.",,,Compiler,Code Translator,RDC
564,"The kernel, the operating system's core, manages system resources.",,,Kernel,Operating System's Core,RDC
565,"Cybersecurity, digital security, protects information systems from cyber threats.",,,Cybersecurity,Digital Security,RDC
566,"A modem, a data transmission device, connects to the internet.",,,Modem,Data Transmission Device,RDC
567,"An application, commonly called an app, is a type of software for specific tasks.",,,Application,App,RDC
568,"A database, a structured data storage system, organizes and retrieves data.",,,Database,Structured Data Storage System,RDC
569,"Machine learning, a subset of AI, allows systems to learn and adapt.",,,Machine Learning,Subset of AI,RDC
570,"The BIOS, basic input/output system, initializes computer components at startup.",,,BIOS,Basic Input/Output System,RDC
571,"A digital certificate, an online security credential, verifies digital identities.",,,Digital Certificate,Online Security Credential,RDC
572,"A blockchain, a distributed digital ledger, securely records transactions.",,,Blockchain,Distributed Digital Ledger,RDC
573,"A backup, a redundant data copy, protects against data loss.",,,Backup,Redundant Data Copy,RDC
574,"A sensor, a data input device, detects environmental changes.",,,Sensor,Data Input Device,RDC
575,"Quantum computing, quantum processing, performs complex calculations.",,,Quantum Computing,Quantum Processing,RDC
576,"A cookie, a small web file, stores user data and preferences.",,,Cookie,Small Web File,RDC
577,"Virtual reality, VR technology, creates immersive digital environments.",,,Virtual Reality,VR Technology,RDC
578,"A widget, a small interface component, adds functionality to a digital platform.",,,Widget,Small Interface Component,RDC
579,"An IP address, internet protocol address, uniquely identifies networked devices.",,,IP Address,Internet Protocol Address,RDC
580,"A microprocessor, a compact CPU, processes data in computing devices.",,,Microprocessor,Compact CPU,RDC
581,"A query, a request for information, retrieves data from a database.",,,Query,Request for Information,RDC
582,"A thread, a sequence of executable code, manages parallel processing.",,,Thread,Sequence of Executable Code,RDC
583,"A web server, an internet hosting device, serves website content.",,,Web Server,Internet Hosting Device,RDC
584,"A compiler, a programming tool, translates source code into executable format.",,,Compiler,Programming Tool,RDC
585,"The motherboard, the primary circuit board, connects computer components.",,,Motherboard,Primary Circuit Board,RDC
586,"Firmware, embedded system software, controls hardware operations.",,,Firmware,Embedded System Software,RDC
587,"A byte, a unit of storage, consists of several bits.",,,Byte,Unit of Storage,RDC
588,"A router, a digital traffic controller, directs network traffic.",,,Router,Digital Traffic Controller,RDC
589,"A digital certificate, an authentication token, confirms digital identities.",,,Digital Certificate,Authentication Token,RDC
590,"An application, a software program, executes designated tasks.",,,Application,Software Program,RDC
591,"A virtual machine, a software-based emulation, simulates computing environments.",,,Virtual Machine,Software-Based Emulation,RDC
592,"The graphical user interface, GUI, facilitates user interaction with software.",,,Graphical User Interface,GUI,RDC
593,"A processor, a computing engine, performs calculations and tasks.",,,Processor,Computing Engine,RDC
594,"A hard disk, a data storage unit, saves and retrieves digital files.",,,Hard Disk,Data Storage Unit,RDC
595,"The GPU, a video processing unit, renders graphics and animations.",,,GPU,Video Processing Unit,RDC
596,"An OS, system software, manages computer operations and resources.",,,OS,System Software,RDC
597,"RAM, memory storage, holds data for immediate use.",,,RAM,Memory Storage,RDC
598,"The mainboard, the central board, anchors key computer components.",,,Mainboard,Central Board,RDC
599,"The application was intuitive, helping with job applications.",Software application,Job or task application,,,AMB
600,The Python script slithered across the room.,Python programming language,Reptile movement,,,AMB
601,The Java program brewed coffee efficiently.,Java programming language,Coffee preparation,,,AMB
602,The mouse scampered across the desk.,Computer mouse,Rodent movement,,,AMB
603,The root of the problem was buried deep.,Highest-level directory in a filesystem,Fundamental cause or basis,,,AMB
604,The server brought our food promptly.,Computer server,Restaurant staff,,,AMB
605,The cloud was thick and obstructed the view.,Cloud computing or storage,Atmospheric cloud,,,AMB
606,"The window was open, letting in a breeze.",Computer interface window,Physical window,,,AMB
607,The kernel was hard to crack.,Central part of an operating system,Edible kernel,,,AMB
608,The debugger was swatting at flies.,Software debugging tool,Insect removal,,,AMB
609,The firewall was effective against the flames.,Computer security system,Physical barrier against fire,,,AMB
610,The byte was delicious.,Unit of digital information,Small bite of food,,,AMB
611,The compiler translated several languages.,Software translation tool,Language interpreter,,,AMB
612,The cookie was a sweet treat.,Web browser data,Baked dessert,,,AMB
613,The thread sewed the fabric together.,Execution sequence in programming,Sewing material,,,AMB
614,The port was bustling with ships.,Computer networking port,Sea port,,,AMB
615,The key opened new doors.,Part of computer security,Physical key for locks,,,AMB
616,The patch covered the hole in the jeans.,Software update or fix,Clothing repair,,,AMB
617,The virus spread rapidly during winter.,Computer malware,Biological illness,,,AMB
618,The cursor hovered over the bird.,Pointer on a computer screen,Bird watching,,,AMB
619,"The buffer was full, waiting for the parade.",Temporary data storage in computing,Waiting area,,,AMB
620,The bus arrived late at the station.,Data transmission in a network,Public transportation,,,AMB
621,The cache was hidden under a rock.,Data storage in computing,Hidden treasure location,,,AMB
622,The token of appreciation was well-received.,Authentication or session token,Gratitude expression,,,AMB
623,The link between them was strong.,Hyperlink in web development,Personal connection,,,AMB
624,The class was eager to learn.,Programming class or category,Education class,,,AMB
625,The object in the museum was ancient.,Programming object or entity,Historical artifact,,,AMB
626,The model walked gracefully on the runway.,3D model or software representation,Fashion model,,,AMB
627,The function was a big social event.,Software or mathematical function,Social gathering,,,AMB
628,The exception was not the rule.,Error handling in programming,Legal or general exception,,,AMB
629,The queue at the bakery was long.,Data processing sequence,Line for service,,,AMB
630,The algorithm danced to the rhythm.,Set of instructions in programming,Dance movement,,,AMB
631,The table was set for dinner.,Data structure in databases,Furniture arrangement,,,AMB
632,The header was beautifully decorated.,Top section of a document or webpage,Decorative banner,,,AMB
633,The driver won the race.,Software that operates hardware,Vehicle driver,,,AMB
634,The platform at the train station was crowded.,Software or service environment,Train station area,,,AMB
635,The utility bill was expensive.,Software tool or application,Home or service bill,,,AMB
636,The terminal was bustling with travelers.,Command line or interface,Airport area,,,AMB
637,The shell washed up on the shore.,Command line interface,Seashell,,,AMB
638,The domain of the kingdom was vast.,Area of control in network systems,Royal territory,,,AMB
639,The process of making cheese was fascinating.,Method or procedure in programming,Cheese production,,,AMB
640,The network of friends was supportive.,Computer or telecommunications network,Social group,,,AMB
641,The string quartet played melodiously.,Programming sequence of execution,Musical performance,,,AMB
642,The cell in the body was microscopic.,Data structure or memory unit,Biological cell,,,AMB
643,The space in the room was ample.,Memory or storage in computing,Physical area,,,AMB
644,The thread in the conversation was interesting.,Topic in an online discussion,Part of a conversation,,,AMB
645,The web was spun intricately by the spider.,Website or internet navigation,Spider's creation,,,AMB
646,The monitor lizard basked in the sun.,Computer display or screen,Reptile species,,,AMB
647,The framework of the building was sturdy.,Software or structural design,Architectural structure,,,AMB
648,The document was important for the project.,Text file or digital content,Legal or official paper,,,AMB
649,The new branch in the codebase created a natural look in the landscape.,Code repository branch,Natural division,,,AMB
650,Running the Python script brought a snake into the play.,Programming language,Animal,,,AMB
651,The Java application heated up just like my morning coffee.,Software development,Beverage preparation,,,AMB
652,The mouse connected to my computer scared the cat.,Computer accessory,Animal,,,AMB
653,Finding the root of the issue required gardening skills.,Fundamental computing problem,Horticulture,,,AMB
654,The server in the restaurant hosted our website perfectly.,Network server,Hospitality worker,,,AMB
655,Heavy cloud storage made it difficult to see the sky.,Online data storage,Meteorological phenomenon,,,AMB
656,Cracking the window in the code made the room breezier.,Software feature,Building feature,,,AMB
657,The kernel in the popcorn bag managed system resources efficiently.,Core of an operating system,Food item,,,AMB
658,The debugger in the software was an insect enthusiast.,Software testing tool,Entomology hobby,,,AMB
659,Building a strong firewall prevented both data breaches and wildfires.,Computer network security,Physical barrier,,,AMB
660,Every byte of the cake was stored in memory.,Unit of digital data,Food consumption,,,AMB
661,The compiler translated the book into multiple languages.,Software translation tool,Linguistics,,,AMB
662,Baking the cookie improved web browsing.,Web browser data,Cooking,,,AMB
663,Losing the thread in the fabric messed up the program.,Sequence in programming,Sewing,,,AMB
664,The busy port connected ships and networks.,Network connection point,Transportation hub,,,AMB
665,The key to the problem unlocked the door.,Solution to a problem,Physical unlocking device,,,AMB
666,Patching the jacket repaired the software.,Software update,Clothing repair,,,AMB
667,The computer virus affected my health.,Malware,Health issue,,,AMB
668,The cursor in the document visited the pet shop.,Pointer in a GUI,Shopping choice,,,AMB
669,The buffer zone around the stage prevented data overflows.,Temporary data storage,Physical area,,,AMB
670,Waiting for the bus in the network took forever.,Data transmission method,Public transportation,,,AMB
671,The cache under the porch improved system performance.,Fast-access data storage,Hidden treasure location,,,AMB
672,The token in the arcade authenticated the user.,Security or authentication token,Gaming piece,,,AMB
673,The strong link in the chain connected the web pages.,Hyperlink,Physical connection,,,AMB
674,The class at school defined object-oriented programming.,User or data categorization,Educational group,,,AMB
675,The ancient object in the museum instantiated a new class.,Instance in object-oriented programming,Historical artifact,,,AMB
676,The model on the runway represented data beautifully.,Representation in a design or system,Fashion presentation,,,AMB
677,The function at the gala computed results elegantly.,Computational operation,Social event,,,AMB
678,The exception at the rulebook was not caught by the program.,Unhandled situation in software,General rule or law,,,AMB
679,The long queue at the bakery processed data efficiently.,Data processing line,Food purchase line,,,AMB
680,The algorithm for the dance was quite complex.,Set of coded instructions,Choreography,,,AMB
681,The dinner table hosted a database of meals.,Database structure,Furniture arrangement,,,AMB
682,The decorated header of the paper introduced the webpage.,Introduction in a document or webpage,Physical decoration,,,AMB
683,The driver of the car installed new firmware.,Software that controls hardware,Vehicle operator,,,AMB
684,The crowded platform at the station supported various applications.,Base for software or hardware,Transportation area,,,AMB
685,The utility in the toolbox fixed the software issue.,Home or personal tool,Handyman equipment,,,AMB
686,The terminal at the airport managed command-line operations.,Computer interface,Travel location,,,AMB
687,The shell on the beach executed scripts perfectly.,Command-line interface,Sea creature,,,AMB
688,The domain of the kingdom controlled the internet efficiently.,Area of control or influence,Geographical area,,,AMB
689,The cheese-making process involved complex programming.,Software process,Culinary technique,,,AMB
690,The social network connected a supportive community.,Online community,Personal relationships,,,AMB
691,The string quartet played an array of melodies.,Sequence of commands,Musical performance,,,AMB
692,The cell in the spreadsheet was part of a living organism.,Data storage unit,Biological component,,,AMB
693,The empty space in the parking lot stored a lot of data.,Memory or storage allocation,Physical area,,,AMB
694,The conversation thread was interesting and multithreaded.,Online or software discussion,Fabric feature,,,AMB
695,The intricately spun web caught many bugs.,Error or issue in software,Insect construction,,,AMB
696,The monitor lizard displayed vibrant graphics.,Display device,Animal,,,AMB
697,The building's framework supported the application's architecture.,Structural or logical design,Architectural structure,,,AMB
698,The legal document outlined the project's requirements.,Software or project specification,Official paperwork,,,AMB
699,"The application was smooth, gliding across the ice.",Software application,Ice skating technique,,,AMB
700,The Python script was seen sliding through the grass.,Python programming language,Reptile movement,,,AMB
701,The Java program steamed in the cup.,Java programming language,Coffee brewing,,,AMB
702,The mouse raced around the maze on my desk.,Computer mouse,Rodent in a maze,,,AMB
703,The root of the issue was deep underground.,Fundamental computing problem,Horticulture issue,,,AMB
704,The server at the restaurant managed our data well.,Network server,Restaurant staff,,,AMB
705,"The cloud was fluffy, obscuring the data center's view.",Cloud computing or storage,Meteorological phenomenon,,,AMB
706,The window on my computer let in a breeze.,Computer interface window,Building feature,,,AMB
707,The kernel was a hit at the popcorn stand.,Core of an operating system,Food item,,,AMB
708,The debugger was busy with insects in the garden.,Software debugging tool,Insect control,,,AMB
709,The firewall stood strong against the invading army.,Computer security system,Physical barrier,,,AMB
710,The byte was delicious and satisfying.,Unit of digital information,Small snack,,,AMB
711,The compiler translated my thoughts into action.,Software translation tool,Language interpretation,,,AMB
712,The cookie in the jar disappeared mysteriously.,Web browser data,Baked good,,,AMB
713,The thread held the fabric of time together.,Execution sequence in programming,Sewing material,,,AMB
714,The port was bustling with ships and data.,Network connection point,Maritime location,,,AMB
715,The key unlocked the door to new knowledge.,Solution to a problem,Physical unlocking device,,,AMB
716,The patch on my jeans connected to the network.,Software update,Clothing repair,,,AMB
717,The virus spread rapidly through the school.,Malware,Biological illness,,,AMB
718,The cursor hovered like a bird in the sky.,Pointer on a computer screen,Bird movement,,,AMB
719,The buffer zone around the concert was crowded.,Temporary data storage,Physical area,,,AMB
720,The bus in the network took us to school.,Data transmission method,Public transportation,,,AMB
721,The cache of treasure was found under a tree.,Fast-access data storage,Hidden treasure,,,AMB
722,The token of appreciation granted access to the club.,Security or authentication token,Physical token,,,AMB
723,The link was a strong bond between friends.,Hyperlink,Emotional bond,,,AMB
724,The class was eager to start their lesson.,Programming class or category,Educational setting,,,AMB
725,The object of the game was to find the treasure.,Instance in object-oriented programming,Recreational activity,,,AMB
726,The model of the car was a perfect replica.,Predictive analysis or 3D representation,Scale model,,,AMB
727,The function at the embassy was a grand event.,Software or mathematical function,Social gathering,,,AMB
728,The exception in the rule caused confusion.,Error handling in programming,General exception,,,AMB
729,The queue for the movie was long and winding.,Data processing sequence,Entertainment lineup,,,AMB
730,The algorithm solved the puzzle quickly.,Set of instructions,Puzzle-solving technique,,,AMB
731,The table was set for a feast of data.,Database structure,Meal preparation,,,AMB
732,The header of the page was beautifully decorated.,Introduction in a document or webpage,Artistic design,,,AMB
733,The driver raced to the finish line.,Software that operates hardware,Vehicle operation,,,AMB
734,The platform at the station supported many travelers.,Base for software or hardware,Public infrastructure,,,AMB
735,The utility was a helpful tool in the house.,Software tool or application,Home appliance,,,AMB
736,The terminal was a hub of activity.,Command line or interface,Travel hub,,,AMB
737,The shell on the beach was a perfect specimen.,Command line interface,Sea creature,,,AMB
738,The domain was ruled by a kind king.,Area of control in network systems,Geographical area,,,AMB
739,The process of making bread was fascinating.,Software process,Culinary technique,,,AMB
740,The network of friends gathered for the party.,Online community,Social gathering,,,AMB
741,The string quartet played a lovely melody.,Sequence of commands,Musical performance,,,AMB
742,The cell in the spreadsheet was a biological wonder.,Data storage unit,Biological cell,,,AMB
743,The space in the parking lot was empty.,Memory or storage allocation,Physical vacancy,,,AMB
744,The thread of the conversation was engaging.,Online or software discussion,Conversation topic,,,AMB
745,The web of deceit was spun carefully.,Website or internet navigation,Intrigue or conspiracy,,,AMB
746,The monitor displayed vibrant colors.,Display device,Art display,,,AMB
747,The framework of the house was solid.,Structural or logical design,Building construction,,,AMB
748,The document outlined the plan perfectly.,Software or project specification,Legal or formal document,,,AMB
749,The application at the office handled tasks smoothly.,Software application,Task application,,,AMB
750,Python wrapped around the tree in our latest script.,Python programming language,Animal behavior,,,AMB
751,The Java in the kitchen brewed alongside our code.,Java programming language,Beverage preparation,,,AMB
752,The mouse escaped swiftly across the room and screen.,Computer mouse,Animal movement,,,AMB
753,Digging to the root of the tree solved our system issue.,Fundamental computing problem,Gardening activity,,,AMB
754,The server in the café managed our network efficiently.,Network server,Restaurant staff,,,AMB
755,The cloud obscured the view while storing our data.,Cloud computing or storage,Meteorological phenomenon,,,AMB
756,The open window in the room refreshed the user interface.,Computer interface window,Physical window,,,AMB
757,Popping the kernel in the microwave managed system operations.,Core of an operating system,Cooking activity,,,AMB
758,Debugging in the garden improved the software.,Software debugging tool,Gardening task,,,AMB
759,The firewall stopped the invasion and secured the network.,Computer security system,Physical barrier,,,AMB
760,Taking a byte of the apple increased storage capacity.,Unit of digital information,Food consumption,,,AMB
761,The compiler translated languages and our project requirements.,Software translation tool,Language interpretation,,,AMB
762,The cookie in the jar enhanced web functionality.,Web browser data,Baked good,,,AMB
763,Sewing the thread repaired the fabric and code sequence.,Execution sequence in programming,Sewing activity,,,AMB
764,The busy port connected ships and networks.,Network connection point,Maritime location,,,AMB
765,Unlocking the door with the key provided system access.,Solution to a problem,Physical unlocking device,,,AMB
766,The patch in the field updated the software.,Software update,Agricultural repair,,,AMB
767,The spreading virus affected health and computer systems.,Malware,Health issue,,,AMB
768,The hovering cursor attracted the attention of the bird.,Pointer on a computer screen,Bird behavior,,,AMB
769,The buffer at the concert managed data overflow.,Temporary data storage,Physical area,,,AMB
770,The late bus on the network delayed data transmission.,Data transmission method,Public transportation,,,AMB
771,Finding the cache revealed hidden treasures and improved performance.,Fast-access data storage,Hidden treasure,,,AMB
772,The token at the arcade granted system access.,Security or authentication token,Gaming piece,,,AMB
773,The link in the chain connected online pages.,Hyperlink,Physical connection,,,AMB
774,The class prepared for their next programming lesson.,Programming class or category,Educational setting,,,AMB
775,The ancient object instantiated historical interest.,Instance in object-oriented programming,Historical artifact,,,AMB
776,The model car showcased design principles.,Predictive analysis or 3D representation,Scale model,,,AMB
777,The function at the hotel calculated outcomes.,Software or mathematical function,Social event,,,AMB
778,The exception in the law caught unexpected errors.,Error handling in programming,Legal exception,,,AMB
779,The long queue at the event managed data efficiently.,Data processing line,Service lineup,,,AMB
780,Solving the puzzle with an algorithm was entertaining.,Set of coded instructions,Puzzle solving,,,AMB
781,The dinner table hosted an array of data.,Database structure,Meal arrangement,,,AMB
782,The header in the document introduced the webpage.,Introduction in a document or webpage,Paper decoration,,,AMB
783,The race driver updated the system firmware.,Software that controls hardware,Vehicle operator,,,AMB
784,The crowded platform at the station supported multiple applications.,Base for software or hardware,Public infrastructure,,,AMB
785,The utility tool in the shed fixed the program.,Software tool or application,Handyman equipment,,,AMB
786,The airport terminal managed system access.,Command line or interface,Travel hub,,,AMB
787,Finding the shell on the beach was a scripting success.,Command line interface,Sea creature,,,AMB
788,The domain of the estate controlled internet access.,Area of control in network systems,Geographical area,,,AMB
789,The bread-making process was an interesting algorithm.,Software process,Culinary technique,,,AMB
790,The friends' network provided strong support.,Online community,Social support,,,AMB
791,The string quartet performance solved complex problems.,Sequence of commands,Musical performance,,,AMB
792,The cell in the spreadsheet contributed to scientific research.,Data storage unit,Biological research,,,AMB
793,The empty space in the lot stored vast amounts of data.,Memory or storage allocation,Physical vacancy,,,AMB
794,The thread of the conversation unraveled programming mysteries.,Online or software discussion,Conversation topic,,,AMB
795,The spider's web in the corner detected bugs.,Website or internet navigation,Insect construction,,,AMB
796,The monitor lizard displayed vibrant images.,Display device,Reptile,,,AMB
797,The sturdy framework of the house supported software architecture.,Structural or logical design,Architectural structure,,,AMB
798,The legal document outlined the project requirements.,Software or project specification,Legal document,,,AMB
